RNA Sequence Type:,>RF00028_FJ848063_1_1-501 Intron_gpI
Predicted Secondary Structure:,...(((.....((((((.((((.((((((......)))(.((((((..((....))..)))))).)...((((.............))))....(((((.(((..(((((.((((((..((((((.((((..(........).)))).)))))).....)))))).))))).))).))).)).....(((((....)))))....(((((((((((((...))))))...((((((((.(((((..((((...(((((((((.(((((.(((((....)))))....((((...)))))))))))))))))).)))).....))))).)))))))).))))))).(((((((.((((...........)))).))))))).............))).)))).)))).)).......))).
RNA Sequence Type:,>RF00028_AF311384_1_13-514 Intron_gpI
Predicted Secondary Structure:,............(((((((((....(((.((((...((((((((((....)))).....(((.(((((((.(.(((.((..........(((........))))).))))))))))))))....))).)))........(((..........))).((((((((((((((((((.....((((..............))))..)))))..)))))).(((((........)))))........(((((....))))))))))))..(((((..(((.(((((((((((.((((......)))).))).((((((((...)))))))).......(((((((.((((((...)))))).))))))))))))))).))).))))))))).)))....))))).))))
RNA Sequence Type:,>RF00028_GQ245084_1_1-509 Intron_gpI
Predicted Secondary Structure:,....((((((..(((((...((((((((((.(....).))))))).)))....)))))..((((.((..(((.............)))...))))))......(((((((((...........(((((((((...(((((((..(((((((((..........)))))))))......)))))))...)))))))))...........((((((.(....(((.((..((((((....))))))..)).))).).))))))((((((((...)))))))).((((((....(((.....)))((((((..................))))))...))))))..((((((((....)))))))))))))))))..))))))..........(((....)))
RNA Sequence Type:,>RF00028_DQ275461_1_1172-1520 Intron_gpI
Predicted Secondary Structure:,....((((((....(((....(((((((((.((...)))))))))..))....)))...(((((.((...((((..........))))...)))))))......(((((((.((((((.....(((((((........)))))))((((.....(((((((.(.((.........))..).))))))).....)))).((((.((((.........))))))))..(((((((.((.........)).))))))).(((((...((((......(((((((((..(((.(((((.(.(((((((((.(((..((((.........(((((((.((((...(((((.....)))))))))..)))))))...........))))..).))..))))))))).).))))).)))..)))))))))..)))).))))).)))))).))))))))))))).....................
RNA Sequence Type:,>RF00028_AM231291_1_3413-3784 Intron_gpI
Predicted Secondary Structure:,(((((..((.(((((((...)))))))..(((......)))..(((((.......)))))..........(((((((......(((....)))(((((((((....................((((((((.((((((..................(((((((((((((((...)))))..........)))))).)))))))))).))))))))................(((((((((((..(..(((.(((((....)))...(((((((...........................)))))))...((((.........)))).(((((.(((.......))))))))(((((.(((((((..........)))))))..))))))))))..)..)))))))))))((((((.(((.........)))..))))))))))))))).)))))))))..))))).........
RNA Sequence Type:,>RF00028_AY507553_1_16-259 Intron_gpI
Predicted Secondary Structure:,........((((((.(((.((((......((((((((((((((.(....).)))).....))))))))))...((((((...(((((((((.(......).))))))((((((..((..((.(.(..(..(((((((.....)))))))..).).)))..))..))))))..)))....))))))(((.(((((((....))))))).))))))).)))..))))))...((((((..((((.(((...((((((..(((((((((((.(.(((....))).).)))))))).)))))))))..((((....)))).))).))))..(((((((((((((............)))))..))))))))............))))))((((....))))...
RNA Sequence Type:,>RF00028_CABT02001583_1_52348-52691 Intron_gpI
Predicted Secondary Structure:,(((((..((((...((...(((.(((((.((((((.((((......(.((((((......)))))))....(((((.((((((....((.((((((((......(((((....(((((.........)))))......)))))((((((......))))))(((((.(((((((((...))))))))).))))).(((..((.((((((...((((((((..((((((((..((((((((((((((....((((((((....))))).)))))))))...))))))))..))))))))..)))))))))))))).)))))...))))))))..))....))).......))).)))))......)))))))))).)))))....)))...))....)).))..).))))...................
RNA Sequence Type:,>RF00029_M68929_1_154537-154455 Intron_gpII
Predicted Secondary Structure:,....(((((......(((.((((((((...(((..((.(((((..(((.((((.........)))).)))..)))))..))..))).......)))))))))))..((((.....((.((..((((((.((((((....))))))..(((((....))))).(((......)))(((((.(((((.......((((...(((((((((((((....((((......)))))))))))...))))))...)))).......)))..)))))))..........)))))).)))).....)))).........)))))......(((((.((.((....(((((((.(((((((.((...((.........))...)))))))))))..(((....)))........))))))).))))))).((((....))))...
RNA Sequence Type:,>RF00210_AAFX01028836_1_1251-1176 IRES
Predicted Secondary Structure:,((((((....(((.(.(((((....)))))).)))...))).(((.(((..(((((......)))))))).)))...((((((((((...(((((.(((((((..(((.....((((((...((..((((((((.(((..((((.(((....)))))))..)))...(((((....))))).((.....))(((((((....(((((...))))))))))))...(((((.......)))))))))))))..))...))))).)....))).)))).))).))).))....))))))))))(((((((..(((...(((((((((...((((....)))))))..))))))((((((((((...........))).))))))).........)))..))))))).((((((((....))))))))...))).................
RNA Sequence Type:,>RF00010_ACSH02000005_1_616646-616240 ribozyme
Predicted Secondary Structure:,((((((((((((((..((.((.((((((....)))))).)).))...)))))).))))......((.(..((((((((...)))).))))..))).((((..((......)).))))......(((((((((((.((((((.....))))))....))))))))...)))....(((((((((....(((.....((((((((....))))))))....)))..)))))))))..(((..((((((....((((((...((((...(((.((((....)))).)))..))))..(((........)))....))))))...)))))))))((.((((((((....)))))))))).(((((....)))))...(((((((.((((..(((......)))))))...)))))))))))....
RNA Sequence Type:,>RF00010_ABEF01015275_1_953-1322 ribozyme
Predicted Secondary Structure:,((((((((((((((..((.((((..((((..((((((...........)))).))))))..))))..))..)))))).(((....)))..((((((...((((((((..((((((....)))).))......(((........))).((((((.(((((...))))).)))...))).....((((((.......))))))..((((((((....))))))))))))).)))...))))))((.((..(((..((.((((((((.((((....)))).)))))))).))......((((((((((((.((.........)).))))))).)))))((((((((....))).)))))..(((.....)))))))))).......))))))))................
RNA Sequence Type:,>RF00010_CP001349_1_5573628-5573218 ribozyme
Predicted Secondary Structure:,(((((((((((((((((((((.(((((((...))))))).)).(((...)))..(((((.........(((((((((((...)))))))((((....)))).(((....((((...........((((((..(((((....))))).)))...)))....(((((((.......)))))))((((.((((....))))))))....))))...))))))))))))..((((((....(((((.((((((((....))))).((((.......)))).((((((....))))))))).)))))...)))))).((.(.(((.(((((....))))))))).)).....)))))))))((((((((...((((((......))))))...))))))))..................))))))))))....
RNA Sequence Type:,>RF00010_CP002584_1_4134111-4133730 ribozyme
Predicted Secondary Structure:,((((((((((.((((((((.(((((.(((.(((((((........(((..(((......))).))).((((((.....))))))((((....)))).......(((((...........((((((((..(((((....)))))....)))))...))).....((((((.......))))))..(..((((....))))..))))))......))))))).)))))..((((((....(((((((..(((((((((....)))))))))(.(((........))).))))))))...))))))..(((.((((((((....)))))))).))).))).))))))))........((((((....))))))((((((..........)))))).....))))))))))....
RNA Sequence Type:,>RF00010_CP000815_1_542171-541778 ribozyme
Predicted Secondary Structure:,((((((((((....(((((((((((((.((....(((.((((((.....)))))).)))....)))))))))).(((...)))(..(((....)))..).(.(((((((...)))))))).((((((((.((((((...(((........)))....))))))((((((((((((((((.((....(.((((.((((.....((((((.......))))))((((((((((....))))))).)))......)))))))).)(((((.(.((..((((((((.(.(((((((((......))))))))).))))))....)))..)).))))))))))).)))))))).))))).(((.(((.((((((((....))).)))))))).)))..)))))))).(((((((((.....)))))))))...........)))))....))))))))))....
RNA Sequence Type:,>RF00010_CP002024_1_775296-775701 ribozyme
Predicted Secondary Structure:,((((((((((((((((((((((((((....))))))).(((...)))...((((...(((.(((((.((.((....(((((((((((..((.(((((((...))))))).))..)))..))))...)))).........(.((((((((((..((((((...))))))..((((((((......)))))))).((((((((....)))))))).)))))))))).).....)).)).))).)).)))))))...((((......((((((...(((....((((...)))).....)))...)))))).....)))).((.(.(((.((((....)))).)))).)).....)))))))))(((((((((............))))))))).....))))))))))....
RNA Sequence Type:,>RF00010_ABSN01067501_1_1-276 ribozyme
Predicted Secondary Structure:,(((((((((.((....((.(((..((((.(((((...))))).)).))..))).)).(((.(((((((((......))))...(((((.....))))).((((....)))).((((..(((..........)))))))(((((((((....)))))))))...(((.......((((((((...)))))))).((((((((....)))))))).......((((.((((((..(((.((((.(((....))).)))))))......((((((....))))))..(((((..((....))..))))).((((((((....)))))))).))))))...)))))))((((((((.((((....)))).)))))).))......)))))))).)).)))))))))....
RNA Sequence Type:,>RF00010_CP002825_1_2943777-2943453 ribozyme
Predicted Secondary Structure:,..(((...)))(.((((....)))).).(((.(((((...))))).)))(((((..((((((((........))))))))....)))))((((((....(((........))).((((((.((((((((((((.((.((((((....(((((......))))))))))).)).)))))))))))).)))...))).....(((((.((((((..((((((((..(((..(((((.......((((((....))))))))))).)))...(((.(((..(((...)))...)))))).))))))))...)))))).)))))(((..(((.....)))...)))(((((((....)))))))....(((........))).(((.(((....))).))).......))))))...
RNA Sequence Type:,>RF00030_FO082055_1_297545-297916 ribozyme
Predicted Secondary Structure:,.((((((((((......(((....(((((.........(((((.(((...))).))))).........)))))((((.....)))).......(((((.(((....))))))))..((((....))))..(((.(((.....))).)))...((((((((((((((((.((((..(((..(.(((((.((((((((((.....(((((.((((((((((((.(.((((((((((((((((.(((..(((....(.(((((..........))))).))))..))).)))))))))))..))))).).)))))))))))).)))))))))))))))..))))).)..)))....)))).))))......)))))).)))))).....((((((((..((((.(.....).))))((((((.......))))))....)))))))))))......)))).))))))
RNA Sequence Type:,>RF00373_CP001968_1_1878538-1878194 ribozyme
Predicted Secondary Structure:,......((..((((..((..(((((((....)))))))..))..))))..))..((((((((((.....)))))))...........((.((((((.....)))))).))))).((((((((..((((((...))))))((((((........)))))).((((.((...((((..(((((((((((.((((((..((((.............))))..)))....((((.((((((((((.....)).)))))))).))))))).)))))).)))))....))))...))...))))...((((((....))))))(((((((......))).))))......(((((......))))).((((((....(((((((......)))))))........))))))((((....))))...((((....))))))))))))
RNA Sequence Type:,>RF01268_CAAB02001729_1_147346-147696 scaRNA
Predicted Secondary Structure:,...(((..(((((.((..(((((((..((..(((((((((((..(.((...(((((.((((((..((.((((((((((((.(((((......)))))))..(((((((((((((((((......))))))).))))))))))..............))))))))..))))..))))))..)))))...))..)..)))))))....(((......)))((((((..((((((......(((((..((((((((..((((((.......))))))..)))).))))..)))))((....))......))))))...)).))))..))))...))..))))))))).)))))....))).......(((((((....((((((.......)))))).(((............)))...)))))))...
RNA Sequence Type:,>RF00028_AJ512230_1_1-444 Intron_gpI
Predicted Secondary Structure:,....(((((((((((((((.((((((((........)))...)))))..(((((.......)))))........((((...(((((.(((..((((.(((((.............((((((......)))))).....))))))))).))).))).)))))).(((((....)))))....))))))))...........((((.((.((((..((((.((((..(((((((..((((((.((((....)))).))))))...(((((((....)))))))....(((((((((....((((....(((((((.......)))))))))))...))).)))))).))))))).((((....))))........((((.((((((....((((((((....))))))))....))))))))))..)))).))))..)))))))))).)))))))...
RNA Sequence Type:,>RF00028_AY197639_1_1142-1438 Intron_gpI
Predicted Secondary Structure:,(((((((.((((((..(((((((.((...)))))))))(((......)))..(((((.......)))))........((.((.(((((.........(.((((((.((((....(((...))))))).)))))).).........)))))..)).)).(((((.((((((..((((....)))).((((((((((((.(((((.(((((((.((((...))))(((......(((....))).....)))..((((((.....))))))....))))))).))))).))))))....))))))..(((....)))..........((((((((((.....))))....))))))..))))))..))))).(((((........))))).....)))))).)))))))........((((((...))))))..............
RNA Sequence Type:,>RF00028_AY016343_1_1227-1541 Intron_gpI
Predicted Secondary Structure:,....((((((..(((((.(((.((((((((.(....).))))))).).)))..))))).(((((((((....(((.(((........((((((....)).))))))).))))))))))))............................................(((((....)))))....(((((((...........((((((....))))))(((...((((((.............))))))....)))..((((((....))))))..(((........)))(((((((..(((((((..((((.((...(((((((........(((((((((.(((....))).)))))...)))))))))))..))...)))))))).)))))))))).))))))).(((((((.((((..((....))..)))).))))))).............)))))).....................
RNA Sequence Type:,>RF00028_DQ470978_1_797-1172 Intron_gpI
Predicted Secondary Structure:,.(((((((.(((((((.((...)))))))))(((......)))..(((((.......)))))........((.((.(((((........((((.((((((............)))))).)))).......)))))..)).))....)))))))..(((((((((((((..............)))))))...))))))........((((((((((((.....................................((((.....(((......))).....))))...((((((.(((((..((........))..))))).).)))))..))))))))))))...((((.....(((.((((...............)))).))).......))))......
RNA Sequence Type:,>RF00028_U51951_1_34-395 Intron_gpI
Predicted Secondary Structure:,((((((.(((......(((((((((((......)))))))).)))((((((((...((((((...((((..((......))..))))...))))))(((..(((((((((.........)))))))))..).))..........)))))))).......(((((..((((....(((.((((..((.(((((((((((((....((((((((......))))))))....))))))))(((((((((....))))))))))))))..))..)))).)))...))))....)))))..(((((((...(((.....)))................((((.((((.....)))).))))....)))))))..........(((((....((..((((((........)))))).)))))))...))).)))))).....................
RNA Sequence Type:,>RF00028_HQ189519_1_29884-30135 Intron_gpI
Predicted Secondary Structure:,((((.(((((((.((...(((((((...))))).)).)).)))))))..........((((((...((((....(((((....((((........))))....(((((((.((..((.....))..)).)))))))(((((.(((....))))))))....))))).....))))..))))))((...(((((..(((...(((((((.........((.(((((((((((((....))).)))))))).)).))..(((((..........))))))))))))...)))..))))))).))))...((((..((..(((((((((((((((.((((..(((.......)))..)))).))))))))))...))))).)).))))(((((((....)))))))
RNA Sequence Type:,>RF00028_HM005752_1_8-332 Intron_gpI
Predicted Secondary Structure:,......((((((..(((.((((.(((((((..(((......)))..(((((.((...((((..........))))...)))))))....(((((((((((((((((((....))))))))..........((((.........))))..(((((.(((((((((((((((((((....)))).(((......(((((((................................)))))))....)))...((((................)))).........)).))))))))))))).)))))((((((.....(((.....(((((((((....)))))))))....))).....))))))..)))))))))))......(((.((((((((.....)))))))).)))....(((....(((((((.(((.....))).)))))))))).....)))..)))).)))).)))...)))))).....
RNA Sequence Type:,>RF00028_DQ470981_1_1261-1438 Intron_gpI
Predicted Secondary Structure:,((.(((.(((.(((((........)))((((.(((((((........))))))).)))).((((.(((((....(((...(((((..(((.(((..(((((....))))).......))))))..)))))((((((.........(((((((.((((.................)))))))))))....(((((((((((....)))))..))))))))))))...((.((........)))).)))...))))).))))......(((((((((.((.....)).))))))))).((((((((((((((..(((....)))..)))))).....((((((((.(((.....(((((..(((....)))..)))))...))))))))))).))))))))(((...(((((((((.(((.....))).)).....)))))))..)))......((((((...))))))))))).))).))..
RNA Sequence Type:,>RF00210_AF538689_1_149-628 IRES
Predicted Secondary Structure:,..((((((((.......((.(((......)))))....((((((..((((((.....)))))).....(((((..(((........)))....)))))..(((..(((.(((((.((((((((((.((((((..((((((((......))((((((((((((((((......((((((....)))))))))))))(((.....)))..((((....)))))))))))))((((.......))))))))))..))))))......((((....))))........))))))))....)).)))))))).)))........((((((((((..((((((((........)).))))))))))))..))))(((((((((((......)))).))))))).....)))))).))))))))..(((((.((((...))))))))).......................
RNA Sequence Type:,>RF00210_BABX01054333_1_888-548 IRES
Predicted Secondary Structure:,......(.((((((.(((......((((...(((((((((.....))))).......)))).))))...((((((((((((((..((((((...(((((((((((((.(((((((((.....((((((((((((......)))(((((((((((((.((.......((((((....)))))))).))))(((.....)))..(((...)))))))))))).(((.......))).)))))))))......)))))))..)).))))).))))))))..))))))...))))))))))...))))...((((((((...(((((((((((.((...((((((..(((.....)))..))))))..))..))))))((((((((((((...)))))))......(((....)))..))))).......))))).))))))))....))))))))))((((((........))))))......
RNA Sequence Type:,>RF00010_AP009389_1_933770-934210 ribozyme
Predicted Secondary Structure:,((((((((((((((((((((((((((.((...)).))))))).(((...)))..(((((.(((.........(((((((...)))))))((((....)))).(((...(((((...........((((((.(((((.....))))).)))...))).....((((((.......))))))..((.((((....)))).)))))))......)))..))))))))..((((((....(((((((..(((((((((((((....))))))))...)))))..(((((....))))).)))))))...))))))...((.((((((((....)))))))).))......))))))))).(((((....)))))((.......))........))))))))))....
RNA Sequence Type:,>RF00010_CP000113_1_7099786-7100181 ribozyme
Predicted Secondary Structure:,((((((((((.(((((((((((((((((.......))))))))).(((...)))..(((((..(((...(((((((((((...)))))))((((....)))).......((.((((...........(((((((..((((((((.((..(((....(((((.(((((((((((..(((((.....))))))))))..)))))).))))).....)))..)).))))))))..)))))..)))))).))((((((.......))))))(((((((((....)))))).)))......))))..))))))))..((((((....(((((((...((((((...)))))))))))))...)).)))).((.(.((((((((....))))))))).)).....))))))))..(((......)))......))))))))))....
RNA Sequence Type:,>RF01268_AAHX01019444_1_26271-25856 scaRNA
Predicted Secondary Structure:,.(((.(.(((((((.((((((.((((.....(((.((........))(((((((.((((.(.(....(((((((((.(((((.(.(((((((((.(((.(.(.....).).)((((((..((((((.....)).))))..)))))))).))))))))).).))))).))))))))))))))))))))))..((((......))))(((((((....))))))).)))..)))).)))..........)))))))))).).)))(((((.(((.(((((.((........)))))))..))).)).)))..(((((.(((((((.(((..((....)).))).)))))))))))).(((((......((((((....(((((.((((((((((.....)))).))).))).)))))....))))))...)))))
RNA Sequence Type:,>RF01295_AEMK01010832_1_116-319 scaRNA
Predicted Secondary Structure:,(((((...((((..(.(((((((((..((((((..((...((((((((((((((((((((..((((.(....).))))..))).)))))((((.((((.((....)).)))).)))))))))))...(((((((.(((((.......))))).......)))))))((((((.((((......)))))))).)))))))..))))))))((((((..(((..............(((((((((.(((((((.....)))).))).))))).)))).((((.((((.(((((...))))).).))).))))....)))..)))))).(((((((((((.(((.....((((......)))).......))))))))))))))))))))))))..)))))))))..............
RNA Sequence Type:,>RF00028_FJ843059_1_883-477 Intron_gpI
Predicted Secondary Structure:,..(((..((((.((..(((((((((.((...)))))))))(((......)))..(((((.......)))))..........(((........))).....((((((((.((((........)))).))))))))...))..)).))))..))).....(.(((..(((((..(((((....)))))..))(((((((.(((((.((((((((((....)))).))).....))))))((((((((((((..((((................))))))))...)))))))).(((((((((((((((.((((.(((((.((.....)).)))).).))))...)))))......)))))))))).)))))))))..((((.(((((((.(((......)))))))))))))).......((((((...))))))...)))..))))..
RNA Sequence Type:,>RF00028_DQ438226_1_2932-3219 Intron_gpI
Predicted Secondary Structure:,(((....((((((((((..(((((((.((...)))))))))(((......)))...((((.((..(((.............)))...))))))(((..((((((((((...)))))))))).)))((((.(((((.((((((....)))).....)).)))))..))))(((.(((..(((........)))...))).))).....((((((...(((((((...........)))))))............((((.....(((.....))).....))))......))))))..))))))))))(((((((((...(((...(((((..(((((...))))).........((((....))))....)))))..)))....)))..))))))..)))........
RNA Sequence Type:,>RF00028_AF522176_1_906-1187 Intron_gpI
Predicted Secondary Structure:,(((.((...((((((.(((((((((((....))))))))).((.((((((((.((((((((...))))))))(((((((....))))))).......(((...(((((.(((..((((..(((((((((.............))))))))).)))).))).))).)))))..))))))))..))....(.((((((....)))))).).........(((((.....(((((((((((((((......)))))))))(((((((.........)))))))......(((((((.(((((((((((((((...)))))))...........(((.(((((((....))))))))))....))))))......)).)))))))..))))))....))))))).))))))..)).)))........
RNA Sequence Type:,>RF00028_AY507547_1_16-328 Intron_gpI
Predicted Secondary Structure:,..((((((((.(((..((.((((.(((((.........(.(((((((((.((....)))))).))))).)))))).)))).))..)))..(((.((((........((((..((((.......))))..))))....((....(((....))).....)).((((((..((((((((((.(((((..((((((.((((.(.((.....(((((..((..(((....))).................))..)))))...)).).)))).((((((...(((((((....((((((((((((.((.((.((.((.((.((.((....)).)).)).)).)).)).)).))))))))))))..))))))).)).))))))))))))))).))...)))))))).)))))))))).))).))))))))((((((..(((...)))))))))(((((....)))))..
RNA Sequence Type:,>RF00028_U30821_1_12917-12695 Intron_gpI
Predicted Secondary Structure:,...(((.(((((........)))).).)))(((...........(((((.(((((......))))).)))))..((((((((...((((((....(((((..(((((((((((((.(((((((((((.....)))).)))))))..((((......))))...))).....)))))))))).)))))...))))))(((...((((...(((((....)))))..))))..)))............))))))))((((((((((.((((((((((((((((((((.(.((((.....((((((((..((..(((.(....).))).))..))))))))....((((((..((((...))))..))))))..)))).).))))))))))((..(((.(((((....)))))..)))..)).)))))))))).))..)))))))).........)))....(((((((....)))))))
RNA Sequence Type:,>RF00028_EU288459_1_1-316 Intron_gpI
Predicted Secondary Structure:,..........(((...(((((((...(((((((.......).)))))).....((((((((((((....))))))))))))..((((((......))))))..(((((((....((((((.......(((((((((((((..(((......((((((((((((((((...))))).......(((((((.....((((((....))))))))).)))))))))))(((.((((....))))..)))..)))).....))))))))...((((.((((......)))).))))((((...((((...))))))))...((((((...((((((.....))))))))))))(.(((((((.(((.....))).))))))).)))))))))(((((....)))))))))))..((.((((...)))).))....))))))))))))))))).
RNA Sequence Type:,>RF00028_AF538043_1_1231-1480 Intron_gpI
Predicted Secondary Structure:,.....(((((((((((((....)))))))).....((((((.....(((((....(((.....((((((((((((..(((...((.(((((((.....)))))))))...)))..))))....)).))))))...)))...)))))((((..(((((((((((.(...(((((...((((.(((((((..(((((....)))))..))...((((((((((((....((((.....(((((....)))))......)))).....))))))))))))))))))))).....))))).))))))))))).)..))))............))))))(((((((((((.....((((....))))....)))))))))))..........))))).(((.((....)).))).
RNA Sequence Type:,>RF00642_CT027840_6_2697-2774 miRNA
Predicted Secondary Structure:,..(..((((.((((((((((((.((.((((((((((.((((((.(((((((...((((((((((((......(((((((((((.(((.(((.....)))..)))))......)))))))))......))))))).)))))...)))))).).))))))....((((((((((((((((((..((((((.......))))))..))))))..)))))((((((((............((((((.((....))))))))..))))))))..........((((.((.....((((((.((((..........(((((.....))))))))).))))))))))))..((((....))))......)))))))..........((((((((......)))))))).)))))))))))).)))))))))))).))))..).
RNA Sequence Type:,>RF00009_AGTP01009413_1_16188-16084 ribozyme
Predicted Secondary Structure:,((((((..(((((((((((................((((((((.((..((....)).)))))))))).....((((((.((.......)).))))))(((((((...((((((((((((((....))))).))).))))))(((((((..(((((.(((.(((((((((((...))))))))))).))).)))))..)..))))))..(((......)))..((((((.....)))))).(((((.(((.(((((........((((((((((((.((((((((......))))))))...))).).))))).))).)))))...)))))))))))))))(((((((..........)))))))))))))))).((((((.((....))))))))((((..........))))....))..))))))
RNA Sequence Type:,>RF00010_CP002629_1_3163849-3163479 ribozyme
Predicted Secondary Structure:,((((((((((.(((..((.(.((((((((((...)))))))))).)..))..)))(..((((((..((...((((((((.((....((((((.(((.(..((.(((.....)))..))(((((((......)))))))...).))).))))))((.......))..(.((((..((.((((.(((((((.((.....)).))))))).))))))..)))).)...((((((.......)))))).((((.(((....))).))))))..))))..))))..))))))))..).........((((((....((((((...)))))))))))).(((((((((...(.((((((((....)))))))).).(((.....)))(((((....))))).)))))))))))))))))))....
RNA Sequence Type:,>RF00010_CP000235_1_215238-214901 ribozyme
Predicted Secondary Structure:,((((((((((..((((((.((((((((((..(.((((.(.....).)))))..)))))))))).(((...)))((...))...((((((...(((((((...)))))))((((....)))).(((....((((...(((..((..((((((((.(((((....)))))..)))))).))..))....((((((.......))))))..((((((((....)))))))).)))))))...))).(((.((((...(((...((((((((((.....))))))))))....))))))).))).))))))(((((......))))).)))))).....((((((((....)))))))).......((((((((.((......))...)))).))))))))))))))....
RNA Sequence Type:,>RF00010_Y16812_1_9-481 ribozyme
Predicted Secondary Structure:,((((((((((.(((..((.((.(((...(((....)))...))).))..))..)))(.((((((........))).))).)...(((((.....)))))..(((.((.(...((((..(((....)))..))))).)).)))((((...((((((....))))))...))))...(((((((((....)))))))))..(((.((((..((((.......(((.((((((((((....))))))))))))).(((((((.....)))))))((((((((........))))))))((((....))))..(((..((.......))..)))((((..((((......(((((....((((.....))))...))))).....))))))))..((((((((....)))))))).............((((....))))..)))).)))))))))))))))))....
RNA Sequence Type:,>RF00010_CP001032_1_796696-796220 ribozyme
Predicted Secondary Structure:,....((((.((...)).))))((((((((((((...)))).))))))))((((((.(((((((...((((..(.(((((((((((((((...)))))))((((....))))...((((.(((..........(((((((((((((((((((((((((((.(((((((.((.(((((...))))))).)))))).).))))))))).....))))))))))))))...))))....((((((.......)))))).))).))))...))))).)))))))).....)))))..(((((..(((((((.(((((..(((...........))))))))...(((.(((((((....))))))).)))(((....)))((.(((.((((((....))))))))).))........(((.((((..(((((....))))).))))..)))...))))))).))))).))))))))..
RNA Sequence Type:,>RF00010_CP001712_1_2069202-2069526 ribozyme
Predicted Secondary Structure:,((((((((((.(((((((((((((((((((..(((.....(((((((......))))))).)))..))))))..)))))......((((((......))))))......((((((..((....))..))))))..(((((((......)))))))((((.....))))...........(((((((((((.(((((((....))))))).))))))))...))).....((((((.......)))))).((((((((....))))))))((((...............))))..((((......(((((((((((...)))))...)))))).....))))...((((((...((((((((((...))))))))))...))))))((.(((((((....))))))).)).......))))))))...((((((....))))))(((......)))((....))))))))))))....
RNA Sequence Type:,>RF00010_AACY023206077_1_1-318 ribozyme
Predicted Secondary Structure:,((((((((((......((.((((.(((((......))))).)))).))...((((.....((....))..)))).((((((..(((...(((....)))...)))..)))))).((((((((......))))).))).((((..(((((.(.............((.((((((.((((((....)))))).)))))).))...((((((...((((((.......))))))((.((((((.((..(((.(.(((.(((........)))))).))))..)).......(((((((((((...)))))...)))))).......((((.(((((((....))))))).)))))))))))).(((((......))))).))))))(((((((....))))))).).).))))..))))......))))))))))....
RNA Sequence Type:,>RF00030_CR382133_2_905614-905197 ribozyme
Predicted Secondary Structure:,(((((.......))...)))......(((.((((....((((.(((((((.((((((...................((((.....))))(((((((((((......)))))..(((....)))(((((...(((...))).)))))........)))))).(((((((((.....(((((((((.(((((......(((((..(((....((((..(....((((((((.(..((((((((.....((.(((..(....)..)))))..))))))))..))))))))).....)..))))....)))..)))))))))).).))))..)))).)))))))))(((.(((((..((((....)))).))))).))).((((((....)))))).((((((((((......)))))))))))))))).)))))))))))....)))))))....
RNA Sequence Type:,>RF00030_BABT02000035_1_22856-21721 ribozyme
Predicted Secondary Structure:,.((((((...((((...(((((((((..(((((((........((((........))))(((((((...))))))).......((((....))))((((((......)))))).(((((((((((.((((((((((((.((((((((.(((((((((((..((((((..(((((((((.....))))....(((((((.....)))))))...)))))...))))))..).)).))))))))......)))))))).)))...)))))))))..)))))))))))....((((((((((.....)))))))).))...))))))))))))((.((((...((((((((.(((.(((((((((.....))))))))).))).)).)))))))))).))))))....))))...))))))
RNA Sequence Type:,>RF00373_CP001932_1_2258783-2259364 ribozyme
Predicted Secondary Structure:,(((((((.(((.....((..((((((((((.(((((....))))).))))).....((((((.((((((...)))))).)))))).......((((((.((((((...)))))).)))))).))))).)).((((((((....(((((((((((((...((((((....))))))(((((....)))))(..((((...))))..)....((((((((.....)))).)))))))))...(((..((....))..))).......(((((((((((...(((.((((.(.(((.(((((((((((...)))))))))..((((......)))).)).)))....).)))).)))..)))))..((((....((((((((((((((.........)))((((((...))))))))))))))))).....))))..)))))).))))))))..)))))))).)))))))).)).
RNA Sequence Type:,>RF00373_AACY023557439_1_526-265 ribozyme
Predicted Secondary Structure:,(((((((((((.(((((((((((((((.....))))))).(((...)))...((((...(((.(((((.((((((...)))))).(((((((.((((.......))))...........((((((((((((((((((.((.((.(((((..........))))).)).)).)))))))))))))))...))).....((((((.......)))))).(((((((((....))))))))).))))))).))))).)))))))(((((((.........))).)))).(((((((..(((((.......)))))..)))))))..((((((((....)))))))).........))))))))(((((....))))).................)))))))))))
RNA Sequence Type:,>RF01268_AANH01002662_1_279871-280164 scaRNA
Predicted Secondary Structure:,(((((.(((((((.((((((((...((((((.((.((.(((((((.((....)).))))))).)).)).))))))))))((((((((((((((((((((((((((......))))))))...))))))..((.(((.(...((((........)))).)))))).)))))))))))).((((......))))((((((.((((...........))))))))))..........)))))))))))..))))).((((.((.((((.((((.(....).)))).)))).)).)).))...(((((.((.((((((((.((.......)).))).))))))))))))..((((......((((((....(((((.((.((((((((....)))).))))..)).)))))....))))))...)))).
RNA Sequence Type:,>RF00028_AB037086_1_377-697 Intron_gpI
Predicted Secondary Structure:,..((((.(((((((.......))))))).(((((((.((....)))))))))(((......)))...((((.((..((((..............))))...)))))).......((((((((((......))))))))))......(((((..(((((....)))))....(((((((.((.(((.((((((((((.(((((((((..((...))..)))))))))..))...))))))))...((((.(((.((((..((..((((.......))))..))..)))).)))...)))).....(((((((((((...((((((.(((....))).)))))).)))))..)))))).))).))))))))).(((((((.((((............)))).))))))).............)))))))))..................
RNA Sequence Type:,>RF00028_GU083054_1_23-389 Intron_gpI
Predicted Secondary Structure:,(((.((...)))))...((((...(((((...((.((((((((...(((....(((........)))...))).)))))))).)).)))))..)))).................((((.(((.((((((((.(((((....(((((((..(((((.((.(((((...((((((((.((((((((..((.(((..(((.....((((..((((........))))..).)))))).))).))...))))...))))....((((((((((...)))))))))).........)))))).))))))).)).))))).........))))))).....)))))...............((.(((((((......................))))))).))..........)))).))))..))).))))........
RNA Sequence Type:,>RF00028_HM483519_1_358-678 Intron_gpI
Predicted Secondary Structure:,................((..((((((..(((((((((.....................................((.((((...))))..))..((((.(((((..((.....)).)))))..))))....(((........))).........(((((((.(((............))).)))))))........(((((((..((.((((...(((.(((((....))))).)))(((((((.((((.(((.((....))))).))(((((((.(((..............))))))))))....((((((.....))))))..((((((........))))))....((((..((.((((.....)))).))..)))).....)))))))))..))))))..))))))).....)))))))....((((...............))))...))..))))))....))..
RNA Sequence Type:,>RF00028_AF195520_1_892-396 Intron_gpI
Predicted Secondary Structure:,....(((((((((((((((.........)))))).....))))))))).((((((.((((.........))))))))))...((((((....(((((((...((((.......(((((..(((..((((((((....))).))))))))((.((((.(((.(((..(((........)))..))).)))..)))).)))))))))))..)))))))....(((((((..(((..............((((((.....))))))((((.(((((((((((((((............)))))))))))))))))))...(((((((.((.......)).)))))))........)))..)))))))))))))....(((((......(((((((...(((((..((((.....)))).)))))))))))).......)))))......(((((....)))))..
RNA Sequence Type:,>RF00028_AY745721_1_886-1204 Intron_gpI
Predicted Secondary Structure:,.......((.((((((((((((((((((.((...))))))))).)))...((((.......))))..((((..............)))).....(((((((......((((.....))))....)))))))...........(((((..((((((....((((.((((....))))...))))))))))((((...((((((((((((((((..(((((....(((((....)))))....(((....)))((((.((((........)))).))))((((((.....)))))).........(((((((......)))))))....)))))..)))))).))).)))))))............((((.(((((......)))))))))))))...........((((.((((...((.((((((((((((......)))))))).)))).))))).).)))).........)))))......)).))))))...))
RNA Sequence Type:,>RF00028_AF172590_1_199-548 Intron_gpI
Predicted Secondary Structure:,.........(((((((((((((..(((.((..((((((((.......(((((((....((......))....))...))))))))))))))))))..))))).)))))))).(((((((....))).)))).............(((((((.(((((....)))))..(((((((....((((((...(((....(((((((((((((..((((((((.((........)))))))(((((...)))))..)))..)))).....))).).)).))).....)))...))))))(((...((((...((((((((...))))))))..))))..)))((((....)))).)))))))(((((((((....)))))))))........)).)))))(((((((....)))))))
RNA Sequence Type:,>RF00028_AB021688_1_1124-1471 Intron_gpI
Predicted Secondary Structure:,...(((((((........(((.((((((((((...............)))..)))))).).)))((((((((...((((((((((....((.((((((((((((((((((.......)))))))))))....))))))).))((((.....))))))))))).))).....)))))))).(((((.(((((((....)))))))..))))).....((..((((..((((((((..(((((....))))).))))).))).))))))((((((......)))))))))))))..........((((..((((...))))(((((...(((((((((((((.......)))))))))))))))))).....(((((.........((((((((((((.((((((((......)))))))).))))))))))))......)))))))))(((((....)))))..
RNA Sequence Type:,>RF00226_AAQR03048435_1_6583-6914 IRES
Predicted Secondary Structure:,..((((((...((((((..(((....((((.((((..................)))).))))((((.((.(((.......((((.(((.(((((..((((.((.....(.((((((.(.(((....(.((.(((((((((((((....)).)))............((((((((((.((((.......)))).))))))))))..((.(((((......))))).)))))))))))))....)))))))))).)...)))))).))))).))).))))))).))))))....)))..))))))..........((((...(((((((...((((((...(((((.(.(((((.((.(((.((.(((.....))).)).))))).))))).).)))))))))))..)))))))..))))((((((..((((((((.........((((((.((.((....)).)).)))))))))))))).))))))....)).)))).
RNA Sequence Type:,>RF00010_CP002364_1_3129794-3130164 ribozyme
Predicted Secondary Structure:,((((((((....((((((((((.((((......)))).))......((((..........)))).(((((((((((...))))))(((((....))))).((....(((........)))..))((((((((((((((((((((((((((.(((((.......))))).))))))))))))))))))))))))))...((.(((..((((((.......))))))..))).))((((.((((((....))))))..)))))))))(((.....))).......(((((......((((.....))))..)))))((((((...))))))(((((((((....))))))).)).......)))))))).((((((((((((....)))))))))))).......((((.....))))))))))))....
RNA Sequence Type:,>RF00010_BX248358_1_328133-327709 ribozyme
Predicted Secondary Structure:,((((((((((.(..(((((((((((((...(((....))).))))))))......(((((.......))))).......(((((((...)))))))((((((((((((.((.....(((........)))..))((((((((.(((.((.(((((((((.......)))))...)))).)).))).))))))))...((.((((((((.((((....(((((((((((..(((....)))..)))...))))...(((...(((........)))....)))........))))....)))).)))))))).))))))))).)).))).((((((((.(((..((((((((....)))))).))..))).)))..)))))..((((((((((....))))))))))...........)))))..).))))))))))....
RNA Sequence Type:,>RF00010_CP000769_1_4353920-4353531 ribozyme
Predicted Secondary Structure:,((((((((((((((..((.((.(((((((..(((((((.......))).))))))))))).))..))..))))).........((((.(((...((((.........((((.((....)).))))...(((((.......((..(((((((((((...))))))))...)))...))((((((.......))))))..((((((((....))))))))(((..((...(((....))).))..))).....(((((((((((......))))))))))))))))...(((((.((((((((((((........)))))))))..))).)))))((((....)))).((((((....))))))(((((.(((((........))))).)))))..))))...)))))))....)))))))))....
RNA Sequence Type:,>RF00010_CP001818_1_901297-901627 ribozyme
Predicted Secondary Structure:,((((((((((((((..((.(((((((((....)))))))))..))..))))(((((.(((........)))((((((...)))))).((((....))))......)))))..........((((.((((((((((((....)))))))))))).))))...(((((((.......)))))))..(((((((....)))))))((((..((...((......)).))..)))).(((((..((....((((((....))))))..))...)))))((((.....)))).....((((((((((((.((((((((....)))))))).).(((.....)))...(((((((((((((....))))))))))))).....))))))))))).))))))))))....
RNA Sequence Type:,>RF00010_AY371114_1_1-482 ribozyme
Predicted Secondary Structure:,((((((((((.((((((((((.((((((((((.((((((((....)))))).)).)))))((((((((((.....))))))))))..))))).)).(((...)))..(((......)))..((((((((((...)))))).)))).....(((((..(((....))).))))).....(((.(......).))).((((...(((........(((((.(((...))).))))))))..)))).((((..(((......((((((...(((((....)))))...((((((...)))))))))))).....)))))))...((((((((....)))))))).........)))))))).((....))....(((((..........)))))...))))))))))....
RNA Sequence Type:,>RF00010_AY371113_1_1-421 ribozyme
Predicted Secondary Structure:,..(((....(((.((((....)))).))).(((((((...)))))))..(((((((((((((((((......)))))).(((((....)))))....(((((........))))).((((((((((((((((((((.((((((..(((((((.((((((...(((((.(.((((.(((.(.(((.....))).).))).)))).).))))).))))))))))))).........)))))).))))))))))))))))))))....((.....((((.(((((.((((((((((...)))).((......))((((((....))))))))))))))...)))))))....))..((((.(.(.(((((..((((((...)))))).......))))).).).)))).((.(.((((((((....))))))))).))......))))))))))))))...(((.((((.......)))).))).
RNA Sequence Type:,>RF00010_AACY023824886_1_1656-1397 ribozyme
Predicted Secondary Structure:,.....(((.(((((.((.((.((((.(((.(((((((...)))))))(((((((((....)))))))))........(((........)))..(((((.....)))))(((((((((((.(((......))).)))......((((((.......))))))..((((((((....)))))))).((((((..(((...((((((((....((......)).....(((((.....(((..((...(((((..((((....))))..)))))...))..))))))))((((((((...))))))))....).)))))))...))).)).))))(((((((....)))))))..((......)).....))))))))((((((((....))))))))..))))))).).).)).)))))))).
RNA Sequence Type:,>RF00030_AAPN01196855_1_603-345 ribozyme
Predicted Secondary Structure:,........((((((.(((((((((((.(((((...)))))))))))))))).(((...))).(((((((((((((..........)))))).((.((((((((((((..........)))))).(((((..........))))).....((((((..(((...(((((((..............)))))))..)))..)))))).........)))))).))...(((((((....)))))))(((...)))((......))....))))))).(((...........)))...(((((((((((((....................)))))))))))))((((((((...))))))))........)))))).((((((.....))))))...........((....))..
RNA Sequence Type:,>RF00030_ADHC01000017_1_516525-516948 ribozyme
Predicted Secondary Structure:,.((((((((((.((((((((.....))).........((((((.((....))))))))......(((.((((((...)))))).)))....(((((((....(((((.((....(((.(.((((((((.........))))))...)).)..))))))))))((((((..(((..(((((.(((.((..((((....))))..)).)))))))).))).))..))))))))))).(((((..(((.(((((..((.(((((((.....(((.(((((((((..........)))))))))..)))))))))).))..))))))))))))).)))))(.(((((......))))).)((((((((.....)))).)))).....(((.....)))))).)))))))
RNA Sequence Type:,>RF00030_ABGA01073966_1_6198-5929 ribozyme
Predicted Secondary Structure:,..(((((((((..((...(((.((((.((.((((.....((((((......))))))..)))).)).)))).)))....((.(((((((((((........((((((((((...((.....((((.(((((...................))))))))))).)))))))))))))))..))))))))....((((.......((((((...((((((((...))))))))....))))))....((((((((((.....((.(.(((.((((........(((((.((((.(((..((((..((.....))..))))....)))..)).))))))).....)))).))).).))))))).))))).....((((((((.....))))))))....(((....))))))).))..))))))))).
RNA Sequence Type:,>RF01268_AB221039_1_69829-69396 scaRNA
Predicted Secondary Structure:,.(((((((..((((.((((((.((((((((((((((((..((((((.((.(..(((((((((((((((((..(((..(((((((((((.(((........))).)))))...))))))..)))....))))))))))..))).))))..).)).))))))..))))...((((......)))).))))).)))))))(((((((((((....)))......(((((..(.(((((((((..(((((.....)))))....))))).)))))))))).))))).)))..)))))).)))).....))))))).......(((((((.((((((.(((.....((((......)))).......))))))))))))))))...........................................
RNA Sequence Type:,>RF01268_AAMC01126106_1_6103-5735 scaRNA
Predicted Secondary Structure:,.....(((.........))).(((((((((((((.(.(((((((.(.(((........))).)..))))))).).))))..((((((......))))))........((((((...)))))).(((((((.(((((......)))))(((......)))..)))))))(((......)))(((((((......))))))).((((.....))))......(((((((((.(((((....(((((((((((((.((((....))))...)))).(((((..((((...))))..))))).(((((.(((((....))))).).)))).....((((......))))...)))))))))))))).)).)))))))..............(((((((.....))))).))..(((((...)))))..))))))))).
RNA Sequence Type:,>RF00028_JF780011_1_1-421 Intron_gpI
Predicted Secondary Structure:,(((.((...(((((..((((((.((((....)))).))))(((......)))...((((.((..(((.............)))...))))))))..)))))(((((((.(((.............))).)))))))......(((((....((((.(((((.........(((((....))))))))))..)))).(((((((((((((.((((((((((...........((((......))))(((((...(((((.((((((...((((...........)))))))))).))))))))))......)))))))))).)))))..((((((((((((...........))))))))...)))).......))))))))(((..(((((((((((((...(((.((((....)))))))...)))))...)))))))).)))...)))))......)).)))........
RNA Sequence Type:,>RF00028_AY437971_1_26-379 Intron_gpI
Predicted Secondary Structure:,(((((((((.......))))))..(((((((.((....)))))))))(((......)))...((((.((...((((.............))))...)))))).....((((((((((((...(((....))).))))))).......)))))..(((.((((((((..(((((....)))))....(((((((.((.(((.((((((((((.(((((((((..((...))..)))))))))..))...)))))))).......(((....)))...((((((...((((..((((((((((...))))))))))...))))..))))))..))).))))))))).(((((((.((((............)))).))))))).............)))))....))).))))))........
RNA Sequence Type:,>RF00028_AY220564_1_346-712 Intron_gpI
Predicted Secondary Structure:,((((((...........((((....)))).....(((((.......)))))..........((((((....(((((((.......(((((...))))).......)))))))...)).........((((.(((........((((((((((...((((.((.(((((((........))).)))).))..))))...))))))))))..(((((................))))).......((((((.....))))))...........((((((((..((((((((.((........))))))))))..)))))))).....(((((((........)).)))))..)))))))...))))....(((((....(((((.((............)).)))))....))))))))))).
RNA Sequence Type:,>RF00028_EU275727_1_22001-22190 Intron_gpI
Predicted Secondary Structure:,..((((((...)))))).(((((...(....)...)))))(((((.(((.((((((((((....))))))....)))).)))(((........)))......(((((.((((....(((((((((.((((......))))..(((......)))....)))))))))))))..))))).((((.....(((((((((.(.((.((((((((((((((....))))))).......((((((((....))))))))..............................(((((((((((...((((((........................))))))((((((.......))))))))))))...)))))(((((((....((..((((......))))..)).((((((((((....)))))))))))))))))....))))))))).).)))))))))...))))...))))).
RNA Sequence Type:,>RF00028_CP001022_1_2403014-2402693 Intron_gpI
Predicted Secondary Structure:,..((..((((((......(((((((((((.....(((....(((((((((((..........)))).))).).))).....)))...)))).))))))).((((....))))......((((....))))....((((......)))).(((((.(((((.((((((((((.((....((......))......(((((.((....))((((((.(((.(.((((((((((((((((((......))))))))))))))).))).).))).).)))))......(((...)))...(((...(((...)))...))))))))(((((.((((((((((((....))))))))))))..))))).)).))))))))))))))).)))))........))))))..))((((((((.....(((((((((............)))))))))..))))))))................(((.(((....))).)))
RNA Sequence Type:,>RF00028_AJ496242_1_1194-1513 Intron_gpI
Predicted Secondary Structure:,......((((....))))......((((.....(((................))).....(((((((.....((((......))))...........)))))))..................(((((..(((((((.((((((..((((....))))......))).)))..)))))))...)))))...(((((((((((((......................((((....(((........(((......)))........)))...))))......((((....)))).........((((((.((((......))))..)))))).........)))))))))))))(((((.((((((.(((((.............)))))....))))))..)))))...(((((((.((((..((....))..)))).))))))).((((((..(((...))).))))))...........))))
RNA Sequence Type:,>RF00028_AACY022654488_1_989-782 Intron_gpI
Predicted Secondary Structure:,....((((.((.....))..)))).....(((((...(((((((((..(((.....((((..((((....))))..)))))))..)))))))))((((((((((((((....)))))))...)))))))(((((((((....)))))))))..((((((((...((((((((...))).)))))((((.(((((((((..((.(((((..((((((......))))))))))).))(((.((((((......)))))).))))))).....)))))))))(((.(((....(((((...((((((((((.((((((...)))))))))))))))))))))...))))))...))))))))(((..((((((..(((........))))))))).))))))))......
RNA Sequence Type:,>RF00009_CABJ01001616_1_42686-43090 ribozyme
Predicted Secondary Structure:,((......(((.......)))((((((((((....))))..))))))....(((((((......((((((((.(........)))))))))((((....(((((.....)))))..)))))))))))...(((...(((.((((((.....(((((((.(((((((.(((..(((((.((.....)).)........))))..))).)))))...(((((((((.((((((.(((..(((((...)))))..))).)))))).))))))))))).)))))))((((((((.((.(((.((....)).))).)).).))).)))).......((((.(.(........).).))))...((((...........)))))))))).))).)))..))...((((((((.....((.(.....(((.(.((.((((........)))))).)))).....).))..))))))))
RNA Sequence Type:,>RF00010_FN545251_1_72393-72768 ribozyme
Predicted Secondary Structure:,((((((......)))((......))......)))...(((...((((........))))...)))...((((((((((((......))).)))))))))...((((((((((.........(((((.(((((((........)))))))...)))))((((.((((((....))))))))))...............(((((((((((((.((((.(((((((((((((((((((((((.((((((((((....)))))).)))).)))))))))).))))))))))))).))))))))))).)))).))(((((((((.......((((((((((.((.......)).)))))))))).(((((((((....)))))))))..)))))))))))))))))))..
RNA Sequence Type:,>RF00010_AACY023890409_1_218-578 ribozyme
Predicted Secondary Structure:,((((((((((......((.((.((((((((((.((((((..((((....)))).)))))).)))))).)))).))..)).((.((..(((((...(((..((((.((((((...)))))).((((....)))).......................((((((.(((.((((((((((....)))).))))))))).)))...))).....((.(((.......))).))...(((((((....)))))))..........))))..))))))))..))))......(((((((...(((((...)))))))))))).((((((((((((((.(((((((....)))))))))))).........((((...)))).....)))))))))))))))))))....
RNA Sequence Type:,>RF00010_ADJS01008341_1_1357-1020 ribozyme
Predicted Secondary Structure:,((((((((((((((((((.((.(((((.((....)).))))).))......((((((((((((((......))..(((((((...)))))))))))))...))...))))..(((........)))))))))))...((.(((.((((.....(((((((..((...........((((((.......)))))).((((((((....))).)))))...((((.......))))...))..)))))))..))))))).))((.((((((((((..(......)..)))))))))).))(((((((.(((.(((..((((((((....))))))))...))).))).(((....((((((....)))))))))..)))))))......))))))))))....
RNA Sequence Type:,>RF00010_FP929032_1_1919314-1918938 ribozyme
Predicted Secondary Structure:,...(((((((((((..((.((.((((((....)))))).)).))...((((((......)))))).((((.((((((...)))))).((((((((((.(((((((....)))))))...))))))))))((((...(((.........))).))))(((((....)))))....(((((....((((((.......))))))((((.((.((....)).))))))((.....)).))))).((((..((((((....((((((...((((.....))))))))))...)))))))))).))))(((((....)))))((((((.....))))))(((.((.(((((....))))).)).))).(((((......)))))...(((((((...))))))).....))))))))))).((((.....)))).
RNA Sequence Type:,>RF00028_AGAV01000014_1_121708-121475 Intron_gpI
Predicted Secondary Structure:,((((..(((((((((....)).((((.....))))))))))))))).((((....)))).....((..((((((((.......((((....)).))..((((((......)))))).....(((((..(((((((...(((......(((((((...((..(((((.((((....)))))))))))(((((((....))).))))...((.......))))))))).....((((.((((((....)))))).))))......)))...))))))))))))((((...((((.(((((((.....))))))))))).)))).((.(((((.......))))).))(((((((((.....)))))))))....))))))))..))(((.(((...)))))).
RNA Sequence Type:,>RF00028_AM920347_1_1783-2101 Intron_gpI
Predicted Secondary Structure:,......(((((((((((((.((((((((..........((((.(.((((((((...)))))))))))))((((((((((..(........).))))))))))........((((((...(((((((....((((((.(....(((((.(((((((....)))))))..)))))....((((((((((((........((((....)))).......)))))))))))).((((((((((....((((.((((....))))..))))....))).......))))))).).))))))...))))))).....((((((...))))))..((((....))))..........(((((...)))))...............((((((....)))))).....)))))).))))))))...)))..))))).))))).....((((((....)))))).
RNA Sequence Type:,>RF00028_EU186258_1_1-527 Intron_gpI
Predicted Secondary Structure:,(..((((((((((....)))))))))).((((((((((((((((......)))))))))...)))))))(((...))).....(((((((((((....)))).........(((....(((........))).....))).((((((((((((...((((((...))))))...))))))))))))))))))).((((..(((......((((((((((((.....((.(((((((((....)))))).)))))..(((((((.....((((((((....))))))))...(.(((((.((...(((((..(((.....)))..)))))..))..))))).)..((((((((((((...)))))))))))))))))))))))...)))))))).....)))))))(((((....)))))).
RNA Sequence Type:,>RF00028_CP002086_1_1626221-1626428 Intron_gpI
Predicted Secondary Structure:,...(((((((.......(((((((.........))))))))))))))(((((.....)))))....(((((((...((((((((((......................(((((((((....))).))))))(((((.(((......(((((.(((................)))))))).......((.(.....).)))))..)))))((((((.........((((((((...............)))))))).........))))))((((....)))).....)))).))).)))...)))))))...............(((.((((((.((((((((...)))))))).)))))))))(((((.((((...)))))))))......(((((....)))))..
RNA Sequence Type:,>RF00029_AP010819_1_30546-30638 Intron_gpII
Predicted Secondary Structure:,...((((.(((((((((((((((((...........))))))))))..(((((((.....((((((((...(((((((((((((((..........((((....))))..........((((..(((((....)))))..))))((((((.(((......((((....)))).))).)))))).......((..(.(((((((.(((((((((((((((...........)))).))))))))))).........))))))).)..))....((....))))))).)))))))))).(.(.((((((...)))))).).).)))).))).).....)))))))...((((((((.....))))))))...(((((............))))).)))))).)..)))).......................
RNA Sequence Type:,>RF00009_CADV01007916_1_3558-3887 ribozyme
Predicted Secondary Structure:,(((((.((..((......))((((((.......(((((((((((((((((((....))))).))))))).).))))))......(((((.((((((.(((((....))))).)))))).)))))..))))))((((..(((((((((((.(((....))).))))(((..(((((((((((....((.((.((.((.(((....((((((((((.........)))))).((((.(((((.((((..((((......((((((.((((((....)))))).))))))...))))....))))))))).))))(((((.(((.((((((.....))))..)).)))))))).))))))).))..)))).))..)))))))))))....)))...))))))).)))))).)))))
RNA Sequence Type:,>RF00010_AAQH01000027_1_16807-16441 ribozyme
Predicted Secondary Structure:,..(((((.....((..(((((((((((((((((((((....((((..(.....)..))))))))))))..)))))).....((((.....(((((....))))).....))))..((((....))))..((((((...)))))).....))))))).))....)))))(((((((((((((((.(...((((....))))..).)))))))).)))))))(((((..((((.(((((((........(((((((((.......((((((.(.(((((((...(.(((..(((....)))..))).)...)))))))).)))))).......))))).)))).......))))).))...((((((((((((((((((....))))))))))))))))))................))))..))))).
RNA Sequence Type:,>RF00010_CP002446_1_705410-705782 ribozyme
Predicted Secondary Structure:,(((((((((..(((((((((((((((((((.((((((((.((((...((((((((.(((....((....))))).)))))))))))).))))...))))....(((......)))..((((....))))......((((((...)))))).((((....)))).))))))).))))).........((((((....(((((((((....))))).)).))...)))...))).....((((((.......))))))..(((((((....))).))))..((((..........)))).((((..(((......((((((....((((.....))))...)))))).....)))))))...((((((((....))))))))..........))))))).((((....))))..(((............))))))))))))....
RNA Sequence Type:,>RF00010_AACY020308892_1_1569-1109 ribozyme
Predicted Secondary Structure:,(((((.((((....(((((((.....)))(((((...(((((((((((((.(((.(((...)))...)))...((((...(((((((((((...)))))))((((....)))).((.......))...........)))).))))((((((.(.(......).)))))))((((((.......))))))((.((((.((...)).)))).))..)))))))))).))))))))..((((((....((((((((((.((((...(((((....))))))))).)))(((..........)))..)))))))...))))))......(((.(((((....))))).))).((((((....))))))..(((((((.(....).))))))).(((.....)))))))....)))).)))))....
RNA Sequence Type:,>RF00010_CP002305_1_1048093-1047757 ribozyme
Predicted Secondary Structure:,((((((((((((((..((.((((((((((((((..(((.(((.(((((((....)))).)))))).)).)..)))))).)))))))).))...)))).((((((.((..((((...((((((.....))))))((((....)))).......))))..).)...)))).))(((((((((((....))))))))))).((((((....((((((.......))))))..((((((((....))))))))(((.(((...((((...))).)....))).)))..........(((((....))))).((((((((...))))))))..))))))((((((.((((((((..((((((((....))))))))...)))...)))))((((.(((((..(((..((((((....)))))))))))))).).)))...))))))......))))))))))....
RNA Sequence Type:,>RF00010_AAFX01079656_1_270-1 ribozyme
Predicted Secondary Structure:,(((((((((.((((((((((((.(.((((......(((..((((((.((.(((((((.((..(((.((..((...(((..((((.(.((((((....)))))).)...(((...........)))(((.(((((....((((((((.(((....)))))))).))))))))..)))..(.(((((...(((((.....((((...((((((((((....)))))..)))))....))))....)))))...))))).)...))))..))).))..)).))))))))))))..))))))))....)))....)))).).)))....((((..(((((((....))))))).)))).....)))).)))))((((((....))))))....................)))))))))....
RNA Sequence Type:,>RF01268_AAKN02038175_1_97238-96862 scaRNA
Predicted Secondary Structure:,.(((((.((((((((((.(((.....))))))))).......((((....))))......................(((((..(((((....))))))))))((((((........))))))..((((((((.(.(.((........))..).).))))))))(((((.......(((...(((((((...(((((((..(((((..((...)).))))))))))))))))))))))....(((((((((.((((((...))).))).))))).))))........))))).(((((.(((((.((...)))))))..)))))))))..)))))..((((((.((.(((..(((.((((..((((...)))).)))))))..)))..))..))))))........
RNA Sequence Type:,>RF00028_EU369564_1_16-570 Intron_gpI
Predicted Secondary Structure:,((((((((....(((((...(.((((((((.((...))))))))).).)....))))).(((((.......)))))........((((...(((((.(((..(((((.((((......)))).))))).))).))).))))))..((((....)))).((...(((((((............((((((((((....)))))))))))))))))..))(((....)))..((((((((((....)))))....)))))...((((.((((((((.....((...((((((((((((.....((((.(((.......))).)))).)))))))))))).))...))).)))))..))))..((((((.((....)).))))))(((((....)))))))))).))).........((..(((((.....(((((.(((...............))).))))).....)))))..))..
RNA Sequence Type:,>RF00028_FJ825370_1_49-372 Intron_gpI
Predicted Secondary Structure:,..(((..(((((((((.(((..(((((((.((...)))))))))(((...(((((...(((((.((..(((.............)))...))))))).(((((((((.((((....)))).)))))))))...((((.((..(((((((((.((.((((((..(.(((((((((((.(((((((.((....)).)))).))).)).))).)))).)).)............((((.....(((((((.......)))))))....)))).)))))..).)).)))))))))..))..))))...)))))..)))........(((((...)))))))).))))..(((((((.((.((((((....)))))).)).))))))).(((((...((.....))..)))))....)))))..))).
RNA Sequence Type:,>RF00028_AF374798_1_1-457 Intron_gpI
Predicted Secondary Structure:,....((((((.((((((...((((((((((((....)))))))))(((......)))...((((.((...((((..........))))...))))))(((..(((((((((.(((.....................((((....))))......))).)))))))))..).))...............)))..))))))..(((((((.((((...((((((((((((((.((((((((.............((.....))(((((.(((((((.(((((((....(((((((..(((....)))))))))).))))))).))))))))))))..)))))))))))))))).....((((((.(((((..((((((....))))))..)))))....)))))).))))))...)))))))))))..((((((((.((((...)))).)).))))))..............)))))).....................
RNA Sequence Type:,>RF00028_DQ915472_1_941-1288 Intron_gpI
Predicted Secondary Structure:,(((((((...)))))))(((((((.((...)))))))))..(((.(((((....((((.((..(((.............)))...))))))(((..(((((..................))))).)))((((.(((((...((((....))))........)))))..)))).((((((..(((.(((.(((((((.(((.................))).)))))))...)))...)))..)))))).........((((((...(((.((((.((((((.((......)).)))))).)))).))).....)))))).....((((((...)))))).)))))..)))......((((((((..........(((....(((((((.(((((((....)))..)))).))))))))))........((((((...))))))..))))))))....
RNA Sequence Type:,>RF00028_EF380353_1_46560-47097 Intron_gpI
Predicted Secondary Structure:,..((((((..((((((((((((((....))))))))).)))...(((((((.....(((..(.(((((((......((((...(((((.(((..(((((.(((((((..(((.....)))......))))))).))))).))).))).))))))..(((((.((((((....((((..(((...((.(((...))))))))..)))))))))))))))...............(((.....)))..............((((.............))))....(((((((((..((..((((.......))))......))..))))))))).(((((((..........))))))))))))))...)..)))....)))))))...........((((((...(((...)))..))))))))..))))))....
RNA Sequence Type:,>RF00028_AY101956_1_1-495 Intron_gpI
Predicted Secondary Structure:,.(((((..((((.......))))..(((((........)).))).....(((.(((..(((((((((...........))))))))).))).))).(((((.((.....((((((......(((((((....(((((((((((....(((((.....))))).((((..............))))))))))..)))))..........(((((((((((((....((((((.(((((.((((((((.........))))))))...)))...))...))))))..(((((((.....((........)).....)))))))....))))))))))))).....)))))))........(((((((.((((.............)))).)))))))..)))))).......)).)))))..........))))).......
RNA Sequence Type:,>RF00028_DQ442707_1_2084-2445 Intron_gpI
Predicted Secondary Structure:,((((............(((......)))...((((.((...((((.............))))...))))))(((..(((((...(((((....................)))))....)))))..).))...(((((..(((((....)))))......(((((((...((((....))))......(((((((((....(((((.......))))).......((((.((......)).))))..................((((((((.(((((((................((((((......).))))))))))))..)))))))).))))))))).(((.((.(((((((((((((((((.............)))))))...))))..)))))).)).))).))))))).(((((((((((((((....)))))))).....))))))).............)))))))))..................
RNA Sequence Type:,>RF00028_AY789292_1_1236-1535 Intron_gpI
Predicted Secondary Structure:,........((.(((((((((...(((((((...)))))))........((((...(((((.(((..(((((((((((.(((..(......)..))).))))))..............................))))).))).))).))))))..)))))...)))).))..........((.((((((.((((..((((....))))..((((((...........(((.(((.....(((((.(((.....))).)))))........))).))).....((((((((((.(((....((((....).)))...))).)))))))))).....))))))....((((((.....))))))......((((.((((................))))))))....(((((((.((.(..((....))..).)).))))))).(((((...(((...)))..))))))))))))))).))..
RNA Sequence Type:,>RF00028_JN016929_1_1-391 Intron_gpI
Predicted Secondary Structure:,......(((((..(((.((((((..............(((((((((((((.((((.........))))...))).)))))))..(.(((.((((.....((.((((......(((((((((....))).))))))((((.(((.(((((((...)))))))))).))))....((((....(((.((((((((((((..(((((.....((((...)))).....)))))))))))))))))..)))..((((((((((((((((((((((....)))))))))))))))))))))).....))))..............(((..(((......))).)))))))))....))))..))).).)))..(((.(((((((((.....))))))))).))).))))))))))))))......((((((((...((((((.....))))))...)))).)))).(((((....)))))..
RNA Sequence Type:,>RF00028_U41288_1_5989-6275 Intron_gpI
Predicted Secondary Structure:,.....((((((.(((((....))))).))).)))...(((((((...((((((.....))))))..(((((((((((....((((...........))))(((.(((((........))))).))))))).....)))))))..(((((....((((((..((((..((((((((....(((((................)))))))).)).))).))))..))......))))....)))))((((.....))))....((((......(.(((.(((......(((.((((((..(((.(((((.(((.....))).))))))))........)))))).)))))).))).)......)))).)))))))..((((((((....((((((((.((...((((((.....))))))...)).)(((((((...))))))).))))))).(((.((....)).)))...))))))))(((....)))....
RNA Sequence Type:,>RF00210_CAAJ01004999_1_1-97 IRES
Predicted Secondary Structure:,.(((((((...)))))))..(((((((((((((.(((((.(((((.((((........)))).)))))..)))))....))).)))))).((((((((((((.(.(.(((((....))))).)).)))))))))))).(((((((((((((....)))((((((.((((((.((.....((((((....)))))))).))))(((.....)))..(((((...))))))).)))))).((((....)))).))))))))))(((((...........(((((.....)))))(((((....))))).......(((((((...(((((((((((((((..((((((((........)).))))))))))..)))))).(((((((((........))).))))))........))))).)))))))....((((((.....)))))))))))..............))))
RNA Sequence Type:,>RF00010_CP001145_1_493991-493612 ribozyme
Predicted Secondary Structure:,.((((((((((((((((((.(.(((.....(((((...((.(((...))).))...)))))((((((((((......))).)))))))..(((..((((.((((((...))))))(..((((.((((...)))).))))..)........(((((((.(((((.((((......((((..((((((....)))).))..))))..)))).))))).)))...))))....((((((.......)))))).((((((((....))).))))).........))))..)))..(((..((((......(((((((...((((.....))))))))))).....)))))))...((((((((....))))))))...))).).)))))))))(((........)))......))))))))).....
RNA Sequence Type:,>RF00010_ABXF01000033_1_46563-46129 ribozyme
Predicted Secondary Structure:,((((((((((....((((((((((((((((...((((((....))))))..))))).))))))......((((.....))))(((((.((((((..(((...(((((((((((....)))).))...................((((((((..(((.((((.......))))...)))))))...))))...))))).)))......)))))).(((((((....)))))))(((.(((.....)))...)))(((..((((.....((((((..(((((((....)))))))((((((((...)))))))).......((((((....)))))).....))))))....)))))))...((((((((....))))))))...........))))).((((((....)))))).........)))))...))))))))))....
RNA Sequence Type:,>RF00010_ADGO01015135_1_732-310 ribozyme
Predicted Secondary Structure:,((((((((((....(((((((.(((((((....))))))).))........((((.(.(((((...))).)).)))))(((((.((((((((((....)))(((((.....................((((((((.(..(((((.(((......))).).))))..).)))..)))))...(((((((((....(((.....((((((((....))))))))....)))..))))))))).((((..((((((....((((((((.((((.....((((((....))))))..))))))((.((((......)))).)).))))))...))))))))))..((((((((....))))))))(((......))))))))..)))))))))))).(((((...)))))......)))))....))))))))))....
RNA Sequence Type:,>RF00010_CP003107_1_5506238-5505840 ribozyme
Predicted Secondary Structure:,((((((((((((((..((.(((((((.....((((......))))......))))))).))...)))).(((.((.(((((((.....(((((((...)))))))((((....)))).(((...(((((...........((((((..(((((((((....))))))))))))...))).....((((((.......)))))).(((..(((....)))..)))((.((((..(((((...((........)).....))))).)))).))...(((((....))))).)))))....))))))))))))...)))..(((((((((((.(((..((((((((....)))))).))..).))...))))(((..((((((....)))))).)))..)))))))......))))))))))....
RNA Sequence Type:,>RF00010_ACBX02000012_1_165367-165767 ribozyme
Predicted Secondary Structure:,((((((((((.(((((((((((((((((....))))))))).((....((((.(..((((........)).((((((...))))))..((((((((((((....))))))))))))........))..).))))......))((((((((((((..(((((...(((((....((((((((((...))))............))))))((((((((((....)))))))))).....(((((...)))))....((((.....((((((((..((((....))))(((((.((...)).))))).))))))))....))))....))))).))))))))))))))).)).......))))))))((((((((.....)))))))).................))))))))))....
RNA Sequence Type:,>RF00010_AACY020735665_1_338-744 ribozyme
Predicted Secondary Structure:,((((((((((.((((((((((.((((((...)))))).)).(((...)))(((..((.....))..))).((.((((.((......((((((....)))))))).)))).)).........((((((((((((.((((((...........)))))))))))))))...))).....((((((.......))))))..(((((((....)))))))(((.((((.(((..(((((...)))))......((.((((.((((((((((.((....)))))))))))).)))).))))).)))).))).....(((((((((....))))))).)).......)))))))).((((((((...))))))))..................))))))))))....
RNA Sequence Type:,>RF00010_AFPY01000090_1_46083-46465 ribozyme
Predicted Secondary Structure:,((((((((((((((..((.(((((((...)))))))..))..))))...(((((((.(((((....))))).))).....((((((((((...)))))).((((..((((.(((((((((((((((.....)).))))))))).)))).))))...)))).(((....((((((.............((((((....))))))............(.((((((..((((.(((...))).))))..)))))).)((((((((....)))))).))))))))..))))))).))))...((((..........))))(((((.((((((((....)))))))).).....(((((...)))))))))..(((.((((......)))))))....))))))))))....
RNA Sequence Type:,>RF00030_AEYA01000820_1_127231-126861 ribozyme
Predicted Secondary Structure:,.((((((.(((((.(((((((((..............(((.(((((........))))))))............)))).).)))).)))))((((((((((....)))..(((((..(((....)))....)))))..((((....))))........(((((......))))).)))))))(((((((.((((((...((.((((((..(((((((((((...((((.(((((.(((..(((((((((((.(((((((..(((((((..(((..((((..(....)..))))))))))))))..))))))).))))).))).........)))..))).))))))))).))))).)).))))..).)))))..))...))))))))))))).....(((((((((((...((((.(((((((((((((((((((((....)))))).)))))))))))).)))))))...)))))))))))))))))
RNA Sequence Type:,>RF00373_DQ529278_1_11-378 ribozyme
Predicted Secondary Structure:,(((((((((...(((((((((((((......))))))).(((...))).((((((....))..)))).((((((..(((......)))...))))))(((((....))))).......((((..........(((((((((((((((((((((.((((((.((........(((((((....((((.......))))....)).)))))......)).)))))))).))))))))))))))))...)))...((((((.(((....((((..(.((((((((....)))))))))..))))..))).)).))))(((..((((......(((((.((((((.....))))))...))))).....)))))))........)))).(((((...)))))..))))))..)))))))))..
RNA Sequence Type:,>RF01846_AAFN02000068_1_150861-151089 CD-box
Predicted Secondary Structure:,(((((((...(((((((((....)))))).)))..))))..((((((.(((.((((..(((.............)))..)))).))).)))))).((((((((((((((((.(.(((..((((((((.....(((..(((.(((.((((......)))))))))).))).....))))))))..))).))))))......((((((((((.(((..(((((...((((.((((((((((((((((((((....))))).))).)))))))).))))))))...)))))........)))))))))))))(((........)))............(((((((((((...((((.....))))..))))))....)))))))))))))).))......)))....
RNA Sequence Type:,>RF00028_EU924456_1_16-399 Intron_gpI
Predicted Secondary Structure:,.............((((((((....(((.((((....................................(((................))).....(((.(((..((((...........................................)))).))).))).((((((((((...))))).......(((((((.((.((..(((.((((.....((((((.(((((..((..((((.....((((.........))))..(((((((((((......)))..((((((....)))))).........))))))))...((((((((.....))))))))))))..))..)))))...)))))).)))))))..)).))))))))).(((((((.((((..((....))..)))).))))))).............))))))))).)))....))))).))).
RNA Sequence Type:,>RF00028_AF309837_1_3-524 Intron_gpI
Predicted Secondary Structure:,.(((((..(((((((.((...)))))))))(((......)))...((((((....(((..............)))...))))))(((((..((((((((...(((((.....)))))...)))))))).((((....((....))..))))((((.....)))).)))))..((((((.((((....))))))))))........(((((((.((.....((((....))))......(((((((..((((((...(((((((((.((..((((.((((((((((((((.....))))))))))))))))))..))(((((((((.............)))))))))...))))))))).................))))))..))))))).)).))))))).(((((.(((((.(((....................)))..))))).))))).....))))).....
RNA Sequence Type:,>RF00028_AFRC01001319_1_2852-2496 Intron_gpI
Predicted Secondary Structure:,((...((((((..((((.(((((((.........)))))))(((.(((((...(((((((.(((((.......(((((((((((.((((((..(((....))))))))).(((.(((......)))..))).))))).....))))))......((((((((((.....(((((((((((.((.((...(((.((((((.((((.....((((((...)))))).)))))))))))))...)).)).))))...))))))).)))))))))).....))))).)))))))....((((((.(((..((((((........)))))).)))))))))((((((.........))))))))))))))(((((....))))).))))))))))....))....(((((((....)))))))
RNA Sequence Type:,>RF00028_AB033530_1_3215-3626 Intron_gpI
Predicted Secondary Structure:,..............(((((..(((((..(((((.......))))).)))))(((((......(((.(((..(((((((((((((((.....(((.....)))....)))))))))).......))))).))).))).(((((..(((((....))))).......((((((.((.(((((((....))))))).((((((...(((......))).)))))).........((((((((..(((((((.((((((((........)))))))).)))))))....))))))))....((((((................))))))......)).)))))).((((....))))..(((....(((((((.(((((.((....)).))))).))))))))))..........)))))))))).....))))).......
RNA Sequence Type:,>RF00028_FN298693_1_2-316 Intron_gpI
Predicted Secondary Structure:,(((((((((..(((((((((((((..(((((...)))))))))).)))...)))))(((((((..((((.(((((....))))).((((((.(.(..((....))..).).)))))))))).))..((((((....))))))......)))))..))))))))).((((.....((((((((((((.(((.(((((((...))))))).)))(((((((.....)))))))...))))....).))))).))....((((((....))))))...((((.....))))((((...((((...(((((((((.....)))))))))..))))..))))....(((((.((.....(((((((((((....)))))))))))..)).)))))))))(((((((....)))))))
RNA Sequence Type:,>RF00028_AM999760_1_696-330 Intron_gpI
Predicted Secondary Structure:,...((((((((((...))))))))))...(((((.((((((((((.....))))))))))..(((((((...))).........(((....))).....((((((((((((.((((((((....((((((.........((........))((((...)))))).)))).))))))))..(((((((.......)))).)))..))))).....)))).))).....((((((((.(....)))))))))(((((....((....))..)))))..((((((...(.((((.((.((((....))))..)))))).)))))))))))......(((((...(((..(((((((((......))))))))).))).))))))))))((((((....)))))).
RNA Sequence Type:,>RF00210_L22089_1_293-755 IRES
Predicted Secondary Structure:,..(((((((.(((..((((.((((.(((.(((((.(((...(((((((((((.....)))))).....)))))...))).)))))((((...((((........))))(((((((....)))))))...))))(((((((....)))))))(((((((((((((((.......(((((....))))).)))))))(((.....)))..(((....))))))))))).((((.......))))((((...))))((((...))))......))).....))))..)))).((((((..(((....)))))))))....((((((((((..((((((((........)).))))))))))))..))))(((((((((((......)))).)))))))....))).)))).)))..(((.(((((.((((...))))))))).)))..................
RNA Sequence Type:,>RF00210_BABH01042279_1_1-143 IRES
Predicted Secondary Structure:,.(((.((((((.(....).))))))(((.....)))..(((((((((((((.....)))))........)))))))).......((((..((((....(((((((.((((....)))))))))))...))))..))))(((......)))(((((((((((((.((.......((((((....)))))))).))))(((.....)))..((((((...)))))))))))))))..(((((((...........)))))))((((((((((((.(((..(((((....)))))))).).))).))))))))....((((...(((((((((((((((.(((........)))))))..))))))(((((((.(((((((.....)))))))....))))))).......))))).))))(((((.....))))).((((((((((....)))))))))))))..
RNA Sequence Type:,>RF00009_AAAB01008844_1_430775-431107 ribozyme
Predicted Secondary Structure:,(((((..(.(((......))).)..).....((((((((((......))))).)))))..........((((((..(((((((.......(((((..(.((((((...)))))).)..))).))((((...((......))...))))((((((((.((......)))))))))).(((((((((...(((.....(((.(((((((((.((((((((.((((((((((.((...)).))))))))))..))))).)))))).)))))).)))..))).)))))))))...((((........))))(((((((((((.....))))....)))))))(((((((.((.(((((.....))))))))))))))........)))))))....)))))).))))
RNA Sequence Type:,>RF00010_ADZX01000415_1_5658-6043 ribozyme
Predicted Secondary Structure:,((((((((((.(((((((((((.........((((((((.(((.(((((....))))).))).)))))))).(((.(((........)))))).(((((...((((...((((((.(.....((((..((((....)))).))))..((((............((((((.((((....)))).)))...))).....((((((.......))))))))))(((((....)))))).)))))).....)))).....)))))............(((((((..(((....((.(((.(((((......))))).))).))))).))))))))))).)))))))...((((((((....))))))))((((........(((((...)))))........)))).))))))))))....
RNA Sequence Type:,>RF00010_CP002546_1_749947-750308 ribozyme
Predicted Secondary Structure:,((((((.((((((((.((.((((((((....((.....)))))))))).))...((((((.(.((.((....)).)).)))))))..))))))))((((....)))).((.....(((........)))..)).(((((..(((((....))))))))))...((((.....((((((((....(((.....((((((((....))))))))....)))..)))))))).((.(((..(((......(((((((((((((((((....)))))))(((((........))))))))))))))).....)))))).))(.((((((((....)))))))).).(((((....)))))(((((((.((((....)))).))))))).....))))((((....))))))))))....
RNA Sequence Type:,>RF00010_CP002017_1_780640-781062 ribozyme
Predicted Secondary Structure:,((((((((((....((((....((((....))))...))))((((((((((......((((((((.........(((((((((((...)))))))((((....)))).(((....(((((............((((((((((((((((...)))))...((((((((.((((....)))).))))))))...((((....))))))))))......)))))....((((((.......)))))).((((.(((....))).))))...)))))...))))))))))))....))).....(((((((...(((((....((((((....))))))....))))).((((........))))))))))).(((..(((.(((..((((((((....)))))).))..))).))).))).....(((((((.(((....))).))))))))))).....)))))).....))))))))))....
RNA Sequence Type:,>RF00010_AF296027_1_1-338 ribozyme
Predicted Secondary Structure:,((((((((((((((((((((((((((.(.(((....))))))))))).(((...)))..(((((...(((..(((((((((((...))))))).((.((..(((...)))..)).)).......((((..(.(((..((((((((.((((((...)))))).))))).))))))..)..))))..((((((.......))))))(((((((((....)))))).)))......))))..))))))))..((((......((((((...((((....))))...)))))).....)))).((((.((((((((....)))))))))))).....)))))))))((((......(((((.((((((....)))))).))))).......))))..................))))))))))....
RNA Sequence Type:,>RF00010_ADVX01000001_1_253465-253940 ribozyme
Predicted Secondary Structure:,((((((((((....((((((((((((((...(((....)))))))))))).(((..(((((((((((.(((.........(((((((...)))))))((((....)))).(((....(((((..........((((((((((...((((((....))))))....)))))))...))).....((((((.......)))))).((((((((....))))))))...)))))...))).))))))))...........((((((((.(((((((....)))))))..(((((....)))))...((((((.((.((.(((.....))).)).))..))))))(((....)))...))))))))))))))....)))...(((((((((...)))))))))........)))))....))))))))))....
RNA Sequence Type:,>RF00010_AEVM01000009_1_108474-108077 ribozyme
Predicted Secondary Structure:,((((((((((((((..((.((.((((((((((....))).))))))).))..))..))))...(((((..(((.(.((((((((((...)))))(..(((((((......)))))))..)......(((........))).((((((.((((((((((((((.(((((....))))).)))))).....)))))))).)))...))).....((((((.......)))))).((((.(((....))).))))))))).)...)))....))))).....((.....))....(.(((.((((((........)))))).))).)((((((...))))))((((........))))...(((((((....)))))))..((((((((((....)))))).)))).(((.((((....)))).))).((((.((....)).))))..........((.....))))))))))))....
RNA Sequence Type:,>RF00010_AACY023140402_1_410-32 ribozyme
Predicted Secondary Structure:,(((((((((((((((((((((.((((...((((....)))))))).))......(((..(.(((....))).)..)))((((((.....))))))(((((((....))))))).(((((...(((((.....(((..(((((((((....)))))))..)).)))..(((((((.......)))))))((((..((....))..))))(((((((.......((((..((((..(((......((((((..(((((((....))))))).((((((....))))))).))))).....)))))))..)))))))))))..)))))))))).......)))))))))...((((((......))))))..(((......)))........))))))))))....
RNA Sequence Type:,>RF00010_AACY020452082_1_695-317 ribozyme
Predicted Secondary Structure:,(((((((((((.....((.((((((((.......)))))))).))...((((..........)))).....(((((((..(((((((((((((((((.....))))))))).........((........))..((((....(((((((((((....)))))))))))))))...(((((..((((.........))))(((((....)))))....)))))(((.......)))..(((..(((((..(((.(.(.(((((((((((((((...))))))))))...(((((((...)))))))...))))).).).))))))))..))).....))))))))(((((((....)))))))........(((....)))..(((((((((((((....))))))))))))).....)))))))...)))))))))))....
RNA Sequence Type:,>RF00010_AF296039_1_1-393 ribozyme
Predicted Secondary Structure:,((((((((((((((.((.((((((((......)))))))))).)))((((...((.....))......)))).....((((((.(((((((.........(((..(((((((((............((((((...))))))............((((((.......))))))(((..(((((....)))))..)))((.....))((((((((......).))))))).(((((((((((((((((((((((...)))))))))))).))))((((((((...))))))))(((((....))))))))))))...)).)))).)))..)))(((((....))))).(((.............)))((((((((((...))))))))))))))))).))))))..)))))))))))....
RNA Sequence Type:,>RF00010_ABDH01054548_1_1-543 ribozyme
Predicted Secondary Structure:,(((((((....((((((((((.((((...(((.(((..(((((((.....)))).))).))).))).)))).)).(((...)))..((((((..(((..(..((((.(((...(((.(((((.((((.(..((.((...((.(......).))...)).))..))))).))))))))..((.(((((((((((((((...))))).).))))))))).)).((((((.((......)).))))))...........(((((((.......))))))).((((((((....))))))))))).))))..))))...))))))..(((.((((.(((((((((...(((((...)))))))))))))).)))).))).((.(.((((((((....))))))))).)).....)))))))).(((((((..((....)).).))))))........(((.....))).)))))))....
RNA Sequence Type:,>RF00373_ABSQ01035993_1_515-215 ribozyme
Predicted Secondary Structure:,(((.(((((((......(((((((((....)))))).)))((((((((.(((((((...))))))).((((((....))))))(((((....))))).....(((..(((((.((.(((((((((((((((.((.((.(((..((...((((..((..(((((..((((((.((((....)))).)))))))))))...))..))))..))..))))).)).((((.(.((((.(((((.....))))).)))))))))(((((.(((....))).))))).((((((.((((.((((.(.((((((.....)))))).).)))).)))).))))))..)))))))))((.((..((.(.(((.((....)).))).).)).))))((((((((.....)).)))))).((((....))))..))))))((......))))..)))))..))).......)))))))).)).))))).)))
RNA Sequence Type:,>RF01268_CAAE01014991_1_1918245-1918637 scaRNA
Predicted Secondary Structure:,((((((((((((((.(((((((((((((((((((.(......).))))))))).))...))))))))....(((((..(((.(...(((.(.((..(.(((.....((((....(((((.....)).))).(((..((((((....))))))...)))))))))).)...))).)))...).))).)))))(((((......)))))..))))))))))))))((((((((((....(((........))).(((((((((..(((((....)))))....))))).))))............((((((....)))))).(((((...))))).((((((((.....))).))))))))))).)))).(((((......((((((....((((..((((((((((.....))))).)))))..))))....))))))...)))))
RNA Sequence Type:,>RF00028_DQ897681_1_52171-52533 Intron_gpI
Predicted Secondary Structure:,((((((.((.....)).))))))..((((((.((..(((((((((((.((((((....(((((.......)))))...........((((...(((((.(((..(((((((((((((..(((....)))..)))).....))))))))).))).))).)))))).(((((....)))))......))))))..)))).)))))))...........((((((.....))))))((((....)))).........(((((..(.((..((((.((((((..........)))))).))))..)).)..)))))......(((.((((((.(((((.....((((((((((......))).)))).)))......))))))))))).)))..((((((..(((.(((...)))....)))..)))))).(((((...(((...)))..))))).....)).)))))).
RNA Sequence Type:,>RF00028_GU250900_1_793-1165 Intron_gpI
Predicted Secondary Structure:,.....(((((((((.....(((((((((((.((...)))))))))......((((((..(((((.((..((((...........))))...)))))))((...(((.(((((((((((....)))))))).......)))..)))...))...(((......)))...))))))..)))).....))))))))).........((((((...((((((((((((((..(((((...)))))..))))))).((((((((((((.......)))))...)))))))(((((...)))))..(((((((((..((((((.((((....)))).))))))....((((((((((.(((((((((....((.(((.(((...(((..........)))...)))..))).)))))))))))..))))))))))..))))))))).....((((.........)))).)))))))....))))))...
RNA Sequence Type:,>RF00028_AY954970_1_17248-17506 Intron_gpI
Predicted Secondary Structure:,((((....((((.((((.(((((((.(....).)))))))((((.....))))..(((((.......)))))........(((((.(((((..((..(((((((..(((((..(((((.......((((....))))..........(((((((.(.((.........))..).))))))).......((.(((..((..(((((....)).)))..))..)))))))))))))))..)))))))....))..))))).)))))(((((((.(((((.(((((((.((..((((..................))))..))....))))))).))))).)))))))......................(.(((((((((.............))))))))).)........)))).)))).))))(((((..((((.....(((.((((...............)))).)))......)))).))))).
RNA Sequence Type:,>RF00028_AY546689_1_1732-2151 Intron_gpI
Predicted Secondary Structure:,.............(((..........((((((((.(.((.((((....(((((.........))))).(((....)))...((((((....(((((((....((((((((((((((((.((((..((((..........))))..)))))))..(.((((((......)))))).)..))))......)))))))))......(((.((((...........)))).))).(((((.........)))))(((((....)))))...)))))))...)))))))))).)).)))))))))(((((((....)))))))..((((....))))...(((.(.((((((((.....(((...((.((((...)))).))...)))......)))))))).))))...)))
RNA Sequence Type:,>RF00028_FJ560375_1_9-230 Intron_gpI
Predicted Secondary Structure:,..............((((.(((((...(((((............(((((((.(((....................))))))))))(((((..............(((((((..(((((......(((.((((((((..(((((((((....)))).....(((((((.....(((((....))).)))).)))))..)))))....)))).....)))))))...))))).)))).)))...((((((.(((((((((..(((((((((((.((((((.((..........))..)))))).)))))))).))).)))...)))))))))))))))))..)))))...)))))..))))((((((.............))))))...........((((((......))......)))).
RNA Sequence Type:,>RF00028_AJ229054_1_28-390 Intron_gpI
Predicted Secondary Structure:,...........((((((.((((((((((...((((.((((.((.((((((((((((((................((((((((((....)))))..(((((((...............).)))))).....)))))(((((((..(((((((((....))))))))).))))))).)))))........(((((((..........((.....)).....((((.(((((....)))))))))...(((((.......)))))(((.(((((.((((...))))..))))))))...))))))))))))))))))))))...))))..)))....(((((.(((((((...))))))).)))))........))))))).).)))))(((((((((((......)))))))))))..............(((((((....)))))))
RNA Sequence Type:,>RF00028_AY357261_1_958-1155 Intron_gpI
Predicted Secondary Structure:,(((((((((....((((((((.(...((((.......)))).)))))))))..(((....)))(((........)))...(((((....)))))..((((((.((..(((((((.((...((.((((...)))).))......((((((((.(((((.(((..........))).)).)))))))))))........(((.....))).......(((((((((.((.((((........((((((......(((.((((((.((......)))).)))).))).((((((.(((......))).)))))).........))))))..........)))).)).)))))))))))...))))))).)).)))))).......((((.(((.............)))..)))))))).......)))))......
RNA Sequence Type:,>RF00210_M80883_1_34-495 IRES
Predicted Secondary Structure:,......(((((((((((.(((.((((...((((.(((((((((...(((.(((.((..(((((((....(((.(.((..((((((((((((((......(((((((((((.(((((......)).(((....)))((((..((((.......))))..)))).)))..)))))))))))........))))...))))))))))...)).))))....)))))))..)).)))..)))....)))))))).).))))))))((...))...((((((((((..((((((((........)).))))))))))..))))))((((((.....))))))........))))))))))))))((((.((((...)))))))).......................
RNA Sequence Type:,>RF00216_K01708_1_423-733 IRES
Predicted Secondary Structure:,(((...(((((((...((((......)))).(((((((((((((.....))))).........)))))))))))))))((((((...(((.((((..((..(((..((....(((..((((.(..(((((((((((..........(((((((((((((.((.......((((((....)))))))).))))(((.....)))..((((((...))))))))))))))).(((((.......))))))))))))))))..).))))..)))....))..)))..))..))))..))).)))))).(((((((...((...((((((.((...(((((((....)))))))..))..))))))((((((.((((.(((.....))).))))..)))))).........))...))))))).((((((((....)))))))).)))..................
RNA Sequence Type:,>RF00224_ABRR01095844_1_75-1 IRES
Predicted Secondary Structure:,....(((......)))((((((((.....((((((...(((..((.((..((.((((..((.(((((((((((((..(((((((.(((.((((((.((((.((...((((((((((...(((....(.((.(((((((((((((....)).))).......(((((((((((((((.((((.......)))).)))))))))).)))))((((......))))....)))))))))))....))).)))))))))).)))))))))))).))).)))))))(((((((......)).)))))(((.........)))...........((((.....((......))......)))).))))))))))))).))..)))).)).)))).)))...))))))((((.((.(((((.....(((.....)))......)))))))))))...............))))))))...
RNA Sequence Type:,>RF00009_AAIY01140746_1_1683-1979 ribozyme
Predicted Secondary Structure:,(((((.(((((.((((((.....(((.((..(((.((((........)))).)))..)).)))..((.((....))))..((((((....))))))((.((((.((.(((.(((.......)))))).)).)))).)).(((.(((((...))))).)))...(((((((((((((((((((..(.(((((....))))).)....)))))))......))))......))))))))..(((((((((.(((((((.....))).....(((......)))((((((......)).)))).(((((((..(....)..)))))))...))))..))))))))))))))).))))).)).))).........((..(((((...)))))....)).(((......)))
RNA Sequence Type:,>RF00010_CP000115_1_2681927-2682376 ribozyme
Predicted Secondary Structure:,((((((((((.((((((((((.(((((..(((....)))))))).)).(((...)))(((.((.(((((((.....(((((((...)))))))((((....)))).......................(((((....(((....)))(((.....)))....((((((((((.((......))))))))))))((((((((...))))))))..((((((((.((((.....)))))))))))))))))...((((((.......)))))).((((((((....)))))))))))).))).)).)))...........((((...(.(((((((...((((...))))))))))).)...)))).((((.((((((((....)))))))))))).....))))))))...((........)).......))))))))))....
RNA Sequence Type:,>RF00010_AACY020170571_1_540-176 ribozyme
Predicted Secondary Structure:,((((((((((......((.(((((((..(((((....)))))))))))).)).(((.(((((.((.((((.....))))(((((((...)))))))((((....)))).(((....(((((..........((((((((.(((((((((.(((((((.....))))))))))..)))).)))))))...))).....((((((.......)))))).((((((((....))))))))...)))))...)))..(((........))).....(((((((...(((..(...((((....))))...)..))).(((((......)))))))))))).(((..(((.(((..((((((((....)))))).))..))).))).))).....(((((((((((....)))))))))))......)).))))))))...))))))))))....
RNA Sequence Type:,>RF00010_CP002859_1_4488926-4489333 ribozyme
Predicted Secondary Structure:,((((((((((......((((((((((((.....(((((((....)))))))...)))))).........((((..((((....)))).)))).((((((...)))))).(((..((((...((((((((...)))...))))).))))..))).((.....)))))))).........(((.....(((.(((.((((....)))).))))))..)))..((((((....((((((.......))))))...((((((....))))))(((((...)))))..((((.((((...(((((....((((((...((((((...))))))))))))...))))).)))).))))(((((....))))).............((((......)))).....))))))...))))))))))....
RNA Sequence Type:,>RF00010_CP000095_2_1668077-1668480 ribozyme
Predicted Secondary Structure:,.((((((((((......))(((((((.....)))))))....(((.(((((((((...(((((((((.((((((...)))))).((((((((.(....).))))))))........(((........)))..((((((((.(((............)))..))))))..)).......((((((.......)))))).((((.(((....))).))))..))))))...)))....))))...((((......((((((((.(((((((.....))))))).((((......)))).)))))))).....))))......((((((((....)))))))).((......)).......(((((((....))))))).......))))))))....)))))))).....
RNA Sequence Type:,>RF00010_ABSI01000013_1_392786-393228 ribozyme
Predicted Secondary Structure:,(((((((((........((.((((.((((((((((.....)))))))..))).))))..))(((.(((((.((((((((((...(((((((((((.....))))))((((....))))..((......)).........(((((((...(((((..((((.....))))..))))).)))...))))....((((((.......))))))..(((((((....)))))))(((.((.....)).)))((((.(((((((...((.((.....)).))...).)))))).))))....)))))......((((((((....)))))))))))))))).........(((((.(((((....)))))..)))))....)).))))))))....)))))))))....
RNA Sequence Type:,>RF00010_AP012048_1_1417081-1417405 ribozyme
Predicted Secondary Structure:,((((((((((..(((((((((((((.(((((....)))).).)))))).........)))))))...(((((((..((((((((....))))))))((((((((....))))))))...(((....)))............)))))))((((.(((....(((((.((((((((.((((.....)))).)))))))).)))))...))))))).......((((((.......)))))).((((((((....))))))))...(((....))).....(((((..((((......(((((((((((.....)))).....))))))).....))))))))).((((....))))(.((.(((((....))))))).)...........((.(((((((..(((.....)))..))))))))).......))))))))))....
RNA Sequence Type:,>RF00011_CP002461_1_695506-695887 ribozyme
Predicted Secondary Structure:,.((((((((((((((((((((((((((......))))))).(((...)))..(((((.........((.((((((........)))))).))..((((.((....((((..........((((((((((............)))))))...))).....(((((.........)))))((((((((.......)))))).)).))))....)).)))))))))...(((((((..(((...((((((.....))))))((((((....)))))))))))))))).......((((((....))))))............))))))))((((((((((((.((((((.........))))))))))))))))))..............)))).))))))).....
RNA Sequence Type:,>RF00030_ACPH01000512_1_161974-162454 ribozyme
Predicted Secondary Structure:,.(((((((..((((((.((.....(((((..(........)..)))))...((((((((((...........((((.....))))..(((((((.((((.((((......))))(((.((......)).)))(((....)))(((((.((.(((....))).)).)))))..((((((((((.(((...((((((((((........)))).........))))))...)))...)))))))))))))).)))))))))))))))))((((..((((......))))..))))(.((((((((((((((.((((.....(((((((....((....))...)))))))((((....))))..)))))))))))))))))).)))..))))))..)))))))
RNA Sequence Type:,>RF00030_CP003009_1_5293469-5292950 ribozyme
Predicted Secondary Structure:,.(((((((..((((((.(((((.((((((((.....))))).))).)))))...............((((((((........)))))).))((((((.....))))))....(((....)))(((((.((.(((....))))).)))))....(((.(((((.((((((.((.(((((((((.(...(((((...(((...((.((((((.((...(((((...((((.((..(((((((((((((((((((.....((((((..((...)).)))))).))))))))))))))).))))..)).).)))...)))))....)).))))))))....)))...)))))).))))))))))).)))....))).))))).))).(((..((((((((.................(((((((((((.((((((....)))))).))))))))))))))))))))))..))))))..)))))))
